City_ID,City,Country,Lat,Lng,Max Temp,Humidity,Cloudiness,Wind Speed,Current Description
0,Tuktoyaktuk,CA,69.4541,-133.0374,-23.85,100,55,5.35,broken clouds
1,Nemuro,JP,43.3236,145.575,22.87,74,79,7.85,broken clouds
2,Bluff,NZ,-46.6,168.3333,56.8,68,21,16.73,few clouds
3,Dunedin,NZ,-45.8742,170.5036,58.8,71,100,4.0,overcast clouds
4,Port Elizabeth,ZA,-33.918,25.5701,66.29,82,0,1.12,clear sky
5,Pescia,IT,43.897,10.6904,52.38,73,100,3.0,overcast clouds
6,Rio Grande,BR,-32.035,-52.0986,82.51,79,3,22.46,clear sky
7,Cape Town,ZA,-33.9258,18.4232,70.09,78,0,5.01,clear sky
8,Yar-Sale,RU,66.8333,70.8333,-0.36,81,100,17.31,overcast clouds
9,Vila Do Maio,CV,15.1333,-23.2167,75.99,75,22,12.44,few clouds
10,Nanortalik,GL,60.1432,-45.2371,29.55,82,100,8.25,overcast clouds
11,Hithadhoo,MV,-0.6,73.0833,81.3,71,100,8.19,overcast clouds
12,Butaritari,KI,3.0707,172.7902,81.84,78,86,15.19,overcast clouds
13,Aklavik,CA,68.2191,-135.0107,-19.3,94,25,7.76,scattered clouds
14,Altay,CN,47.8667,88.1167,0.27,75,15,8.57,few clouds
15,Pisco,PE,-13.7,-76.2167,80.65,54,0,20.71,clear sky
16,Leh,IN,34.1667,77.5833,-11.29,56,6,4.16,clear sky
17,Mataura,NZ,-46.1927,168.8643,56.48,60,95,6.04,overcast clouds
18,Kapaa,US,22.0752,-159.319,79.12,64,0,3.44,clear sky
19,Atuona,PF,-9.8,-139.0333,77.83,75,5,13.13,clear sky
20,Busselton,AU,-33.65,115.3333,58.08,91,43,5.26,scattered clouds
21,Iranshahr,IR,27.2025,60.6848,62.31,29,0,3.69,clear sky
22,Port Lincoln,AU,-34.7333,135.8667,64.99,74,0,13.51,clear sky
23,Bollnas,SE,61.3482,16.3946,26.38,62,71,12.73,broken clouds
24,Rikitea,PF,-23.1203,-134.9692,79.16,73,3,16.44,clear sky
25,Ushuaia,AR,-54.8,-68.3,55.17,66,100,8.46,overcast clouds
26,Punta Arenas,CL,-53.15,-70.9167,57.31,67,0,32.21,clear sky
27,Akureyri,IS,65.6835,-18.0878,9.21,99,100,2.44,overcast clouds
28,Mackay,AU,-21.15,149.2,74.68,69,43,9.08,scattered clouds
29,Bengkulu,ID,-3.8004,102.2655,73.92,88,100,4.03,overcast clouds
30,Salaga,GH,8.5508,-0.5188,89.24,16,11,3.83,few clouds
31,Ilulissat,GL,69.2167,-51.1,24.82,80,100,6.91,overcast clouds
32,Senador Jose Porfirio,BR,-2.5908,-51.9542,81.34,80,100,2.77,overcast clouds
33,Ewa Beach,US,21.3156,-158.0072,80.1,57,0,8.05,clear sky
34,Bethel,US,41.3712,-73.414,54.45,47,33,10.02,scattered clouds
35,Port Alfred,ZA,-33.5906,26.891,70.54,86,6,4.9,clear sky
36,Piacabucu,BR,-10.4056,-36.4344,81.28,75,6,14.88,clear sky
37,Hilo,US,19.7297,-155.09,80.33,62,0,5.75,clear sky
38,Rustenburg,ZA,-25.6676,27.2421,70.43,36,6,3.74,clear sky
39,Korla,CN,41.7597,86.1469,26.47,49,0,2.64,clear sky
40,Ponta Do Sol,PT,32.6667,-17.1,65.03,70,11,5.01,few clouds
41,Bosaso,SO,11.2842,49.1816,73.74,67,26,6.22,scattered clouds
42,Quirinopolis,BR,-18.4483,-50.4517,77.07,85,75,4.32,broken clouds
43,Chapais,CA,49.7834,-74.8492,11.98,95,100,9.1,light snow
44,Ancud,CL,-41.8697,-73.8203,67.23,56,2,4.94,clear sky
45,Kodinsk,RU,58.6881,99.1844,-22.77,100,69,0.87,broken clouds
46,Dera Bugti,PK,29.0307,69.151,57.65,29,0,1.95,clear sky
47,Marsh Harbour,BS,26.5412,-77.0636,74.5,74,87,13.78,overcast clouds
48,Bredasdorp,ZA,-34.5322,20.0403,64.27,86,12,2.77,few clouds
49,Nara,JP,34.6851,135.8049,39.97,62,71,0.76,broken clouds
50,Alofi,NU,-19.0595,-169.9187,81.46,73,2,15.35,clear sky
51,Anadyr,RU,64.75,177.4833,-33.52,66,69,6.85,broken clouds
52,Iqaluit,CA,63.7506,-68.5145,-0.31,84,100,2.3,light snow
53,Chuy,UY,-33.6971,-53.4616,76.68,75,86,15.99,overcast clouds
54,Faanui,PF,-16.4833,-151.75,81.34,73,37,13.49,scattered clouds
55,New Norfolk,AU,-42.7826,147.0587,55.92,67,28,1.77,scattered clouds
56,Idlib,SY,35.9306,36.6339,47.59,82,0,4.0,clear sky
57,Codrington,AU,-38.2667,141.9667,54.82,85,1,7.65,clear sky
58,Ukiah,US,39.1502,-123.2078,82.04,37,0,0.0,clear sky
59,Toba,JP,34.4833,136.85,39.09,74,15,4.0,few clouds
60,Chokurdakh,RU,70.6333,147.9167,-4.85,97,100,12.53,overcast clouds
61,Saskylakh,RU,71.9167,114.0833,3.18,92,96,12.66,overcast clouds
62,Kruisfontein,ZA,-34.0033,24.7314,62.65,83,0,1.88,clear sky
63,Talnakh,RU,69.4865,88.3972,-11.29,88,100,9.73,overcast clouds
64,Paraiso,CR,9.8383,-83.8656,76.15,84,97,4.45,overcast clouds
65,Mar Del Plata,AR,-38.0023,-57.5575,63.09,79,100,23.02,overcast clouds
66,Airai,TL,-8.9266,125.4092,60.31,94,100,1.59,overcast clouds
67,Rioblanco,CO,3.5308,-75.6806,70.92,82,72,3.42,broken clouds
68,Arlit,NE,18.7369,7.3853,66.34,17,0,9.22,clear sky
69,Flinders,AU,-34.5833,150.8552,70.21,89,100,7.0,light rain
70,Linxia,CN,35.6003,103.2064,20.75,96,100,2.86,light snow
71,Cabo San Lucas,MX,22.8909,-109.9124,77.61,59,0,11.5,clear sky
72,Floro,NO,61.5996,5.0328,37.36,87,75,18.41,broken clouds
73,Itumbiara,BR,-18.4192,-49.2153,75.33,90,82,5.44,broken clouds
74,Vao,NC,-22.6667,167.4833,80.65,83,100,15.05,overcast clouds
75,Agua Verde,MX,22.9,-106.05,75.29,45,0,7.78,clear sky
76,Albany,US,42.6001,-73.9662,50.31,46,84,1.99,broken clouds
77,Lichtenburg,ZA,-26.152,26.1597,67.89,54,72,5.53,broken clouds
78,Kavieng,PG,-2.5744,150.7967,80.29,81,100,5.44,moderate rain
79,Vytegra,RU,61.0064,36.4481,25.79,90,100,10.2,overcast clouds
80,Mahon,ES,39.8885,4.2658,46.96,93,20,6.91,few clouds
81,Lagoa,PT,39.05,-27.9833,59.65,79,98,13.73,overcast clouds
82,Kalianget,ID,-7.05,113.9333,75.94,93,100,8.46,overcast clouds
83,San Cristobal,VE,7.7669,-72.225,71.78,60,82,1.3,broken clouds
84,East London,ZA,-33.0153,27.9116,74.75,86,100,6.11,overcast clouds
85,Carnarvon,AU,-24.8667,113.6333,78.87,73,0,0.0,clear sky
86,Mogocha,RU,53.7333,119.7667,-17.09,97,96,3.87,overcast clouds
87,Qesarya,IL,32.5189,34.9046,52.23,74,0,6.22,clear sky
88,Lasa,IT,46.6166,10.7002,37.31,76,36,7.02,scattered clouds
89,Maniitsoq,GL,65.4167,-52.9,28.0,97,100,17.0,snow
90,Wollongong,AU,-34.4333,150.8833,73.18,88,100,10.13,overcast clouds
91,Castro,BR,-24.7911,-50.0119,72.28,69,55,6.93,broken clouds
92,Esperance,AU,-33.8667,121.9,73.24,93,100,4.76,overcast clouds
93,Buala,SB,-8.145,159.5921,75.78,96,100,2.39,very heavy rain
94,Atbasar,KZ,51.8,68.3333,14.27,94,100,18.25,light snow
95,Bambous Virieux,MU,-20.3428,57.7575,75.22,80,12,1.48,few clouds
96,Cherskiy,RU,68.75,161.3,-36.62,100,90,6.55,overcast clouds
97,North Bend,US,43.4065,-124.2243,63.16,75,0,8.05,clear sky
98,Barra Do Corda,BR,-5.5,-45.25,76.98,90,97,2.71,moderate rain
99,Noumea,NC,-22.2763,166.4572,81.0,99,76,7.27,broken clouds
100,Barrow,US,71.2906,-156.7887,-27.38,68,0,5.75,clear sky
101,Lebu,CL,-37.6167,-73.65,61.45,66,0,23.96,clear sky
102,Kodiak,US,57.79,-152.4072,38.71,93,100,3.44,light rain
103,Berbera,SO,10.4396,45.0143,75.18,65,27,6.42,scattered clouds
104,Sao Filipe,CV,14.8961,-24.4956,78.57,53,33,15.55,scattered clouds
105,Geraldton,AU,-28.7667,114.6,70.21,94,40,5.75,scattered clouds
106,Nouakchott,MR,18.0858,-15.9785,78.73,25,58,12.71,broken clouds
107,Pacific Grove,US,36.6177,-121.9166,82.62,38,0,6.91,clear sky
108,Puri,IN,19.8,85.85,64.92,76,59,4.97,broken clouds
109,Kalmar,SE,56.6616,16.3616,31.96,74,0,8.99,clear sky
110,Potiskum,NG,11.7091,11.0694,67.21,19,8,11.72,clear sky
111,Upernavik,GL,72.7868,-56.1549,-13.83,78,100,15.5,overcast clouds
112,Upata,VE,8.0086,-62.3989,81.19,50,48,9.48,scattered clouds
113,Yenagoa,NG,4.9247,6.2642,82.0,72,34,7.34,scattered clouds
114,Ribeira Grande,PT,38.5167,-28.7,59.4,72,20,5.75,few clouds
115,Belapatfalva,HU,48.05,20.3667,37.38,61,100,10.6,overcast clouds
116,Toora-Khem,RU,52.4675,96.11,-28.88,100,94,0.94,overcast clouds
117,Hervey Bay,AU,-25.2986,152.8535,73.04,72,14,14.36,few clouds
118,Itoman,JP,26.1247,127.6694,66.58,77,38,10.36,scattered clouds
119,Palmer,US,42.1584,-72.3287,53.65,35,75,16.11,broken clouds
120,Saint-Philippe,RE,-21.3585,55.7679,76.59,72,32,7.38,scattered clouds
121,Aripuana,BR,-9.1667,-60.6333,79.9,89,100,1.16,overcast clouds
122,Narsaq,GL,60.9167,-46.05,21.42,78,100,6.04,overcast clouds
123,Fortuna,US,40.5982,-124.1573,73.92,50,0,4.61,clear sky
124,Avarua,CK,-21.2078,-159.775,82.45,74,59,11.5,broken clouds
125,Vaini,TO,-21.2,-175.2,84.36,89,40,6.91,scattered clouds
126,Tasiilaq,GL,65.6145,-37.6368,14.16,64,100,5.32,overcast clouds
127,Hobart,AU,-42.8794,147.3294,56.26,73,75,11.5,broken clouds
128,Alice Springs,AU,-23.7,133.8833,60.35,82,0,0.0,clear sky
129,Ortakoy,TR,38.7373,34.0387,16.05,90,6,1.63,clear sky
130,Enterprise,US,36.0252,-115.2419,76.77,18,0,8.05,clear sky
131,Peniche,PT,39.3558,-9.3811,61.61,91,100,6.82,overcast clouds
132,Aldan,RU,58.6031,125.3894,-20.16,100,100,1.34,overcast clouds
133,Kulhudhuffushi,MV,6.6221,73.07,81.36,72,99,3.71,overcast clouds
134,Farafangana,MG,-22.8167,47.8333,76.55,85,20,4.43,few clouds
135,Sao Joao Da Barra,BR,-21.6403,-41.0511,77.09,88,100,9.89,overcast clouds
136,Meulaboh,ID,4.1363,96.1285,74.84,85,100,6.2,overcast clouds
137,Tubuala,PA,9.5167,-79.0333,91.56,71,37,14.03,scattered clouds
138,Segou,ML,13.4317,-6.2157,76.44,12,14,9.17,few clouds
139,Denpasar,ID,-8.65,115.2167,78.46,94,40,2.3,moderate rain
140,Mabaruma,GY,8.2,-59.7833,80.02,61,26,6.31,scattered clouds
141,Riyadh,SA,24.6877,46.7219,60.94,41,0,10.71,clear sky
142,Nikolskoye,RU,59.7035,30.7861,28.29,92,40,7.94,scattered clouds
143,La Ronge,CA,55.1001,-105.2842,-7.17,87,94,2.86,overcast clouds
144,Nalut,LY,30.3333,10.85,51.67,42,32,8.16,scattered clouds
145,Lamar,US,33.6668,-95.5836,73.56,25,0,17.27,clear sky
146,Deputatskiy,RU,69.3,139.9,-17.45,96,97,5.64,overcast clouds
147,Oriximina,BR,-1.7656,-55.8661,81.91,84,92,2.19,overcast clouds
148,Jasper,US,37.2001,-94.3502,56.53,57,100,13.8,overcast clouds
149,Rrogozhine,AL,41.0764,19.6653,41.18,77,61,2.1,broken clouds
150,Okhotsk,RU,59.3833,143.3,-12.37,85,66,8.34,broken clouds
151,Alberton,CA,46.8168,-64.0654,30.45,95,26,7.76,scattered clouds
152,Hermanus,ZA,-34.4187,19.2345,65.89,88,0,6.22,clear sky
153,Victoria,HK,22.2855,114.1577,65.95,88,36,4.0,scattered clouds
154,Saint George,US,37.1041,-113.5841,72.07,22,0,5.01,clear sky
155,Kaitangata,NZ,-46.2817,169.8464,60.93,72,91,7.05,overcast clouds
156,Corinto,GR,37.9407,22.9573,52.68,79,3,2.21,clear sky
157,Tarakan,ID,3.3,117.6333,77.32,83,100,1.48,overcast clouds
158,Thompson,CA,55.7435,-97.8558,-9.56,75,6,9.17,clear sky
159,Constitucion,CL,-35.3333,-72.4167,69.67,48,0,15.59,clear sky
160,Yulara,AU,-25.2406,130.9889,67.84,45,0,6.91,clear sky
161,Tautira,PF,-17.7333,-149.15,84.22,72,70,16.37,broken clouds
162,Presidencia Roque Saenz Pena,AR,-26.7852,-60.4388,103.6,15,19,3.96,light rain
163,Te Anau,NZ,-45.4167,167.7167,58.26,73,99,3.27,overcast clouds
164,Puerto Ayora,EC,-0.7393,-90.3518,80.56,89,92,3.0,overcast clouds
165,Poli,TZ,-3.3333,36.8,63.27,80,100,3.58,light rain
166,Soderhamn,SE,61.3037,17.0592,26.98,52,88,14.56,overcast clouds
167,Camacha,PT,33.0833,-16.3333,61.56,88,40,11.5,scattered clouds
168,Stephenville,US,32.2207,-98.2023,77.34,26,0,11.5,clear sky
169,Tuatapere,NZ,-46.1333,167.6833,56.82,67,35,7.05,scattered clouds
170,Souillac,MU,-20.5167,57.5167,75.36,82,7,3.06,clear sky
171,Hirara,JP,24.8,125.2833,69.15,75,100,17.43,overcast clouds
172,Yerbogachen,RU,61.2767,108.0108,-8.88,99,100,3.2,light snow
173,Berezovyy,RU,51.6667,135.7,7.39,97,100,2.71,overcast clouds
174,Norman Wells,CA,65.282,-126.8329,-5.48,92,66,1.14,broken clouds
175,Roma,US,43.2128,-75.4557,49.86,48,100,10.36,overcast clouds
176,Mawlaik,MM,23.6333,94.4167,55.22,67,1,1.97,clear sky
177,Tiznit,MA,29.5833,-9.5,55.51,65,2,2.73,clear sky
178,Luohe,CN,33.5717,114.0353,35.11,91,13,1.57,few clouds
179,Ola,RU,59.5833,151.2833,-6.84,84,97,5.82,overcast clouds
180,Luwuk,ID,-0.9516,122.7875,76.78,86,100,1.48,overcast clouds
181,San Quintin,MX,30.4833,-115.95,72.63,25,0,8.23,clear sky
182,Pevek,RU,69.7008,170.3133,-29.42,100,98,6.69,overcast clouds
183,Stornoway,GB,58.2093,-6.3865,42.76,88,100,34.52,light rain
184,Jamestown,US,42.097,-79.2353,48.29,29,100,24.16,overcast clouds
185,Arraial Do Cabo,BR,-22.9661,-42.0278,75.06,88,75,3.44,broken clouds
186,Cidreira,BR,-30.1811,-50.2056,76.33,79,0,19.62,clear sky
187,Daru,PG,-9.0763,143.2092,77.99,77,99,4.38,overcast clouds
188,Tanda,IN,26.55,82.65,49.41,68,0,7.52,clear sky
189,Diego De Almagro,CL,-26.3667,-70.05,77.61,26,0,14.58,clear sky
190,Kafanchan,NG,9.5833,8.3,71.2,14,25,6.73,scattered clouds
191,Nouadhibou,MR,20.931,-17.0347,71.91,50,93,13.65,overcast clouds
192,Todos Santos,MX,23.45,-110.2167,77.11,61,0,8.39,clear sky
193,Clyde River,CA,70.4692,-68.5914,-16.37,76,100,33.38,heavy snow
194,Yabelo,ET,4.8833,38.0833,70.88,29,96,4.83,overcast clouds
195,Khatanga,RU,71.9667,102.5,0.75,80,65,15.19,broken clouds
196,Vostok,RU,46.4856,135.8833,14.22,97,100,2.86,light snow
197,Salalah,OM,17.0151,54.0924,73.49,64,20,3.44,few clouds
198,Huarmey,PE,-10.0681,-78.1522,75.15,72,60,10.89,broken clouds
199,Nazareno,MX,25.3833,-103.4167,70.11,16,0,0.38,clear sky
200,Dikson,RU,73.5069,80.5464,1.44,82,100,28.83,overcast clouds
201,Cristalina,BR,-16.7686,-47.6136,67.41,89,85,3.87,light rain
202,Muncar,ID,-8.4333,114.3333,75.78,91,100,4.9,overcast clouds
203,Raudeberg,NO,61.9875,5.1352,38.19,94,100,5.99,overcast clouds
204,Lompoc,US,34.6391,-120.4579,86.13,24,0,5.75,clear sky
205,Margate,GB,51.3813,1.3862,42.31,77,97,1.01,overcast clouds
206,Saint-Augustin,CA,51.226,-58.6502,21.78,72,37,16.62,scattered clouds
207,Aswan,EG,24.0934,32.907,56.37,39,0,9.82,clear sky
208,Harper,LR,4.375,-7.7169,79.57,82,52,9.6,broken clouds
209,Nicoya,CR,10.1483,-85.452,87.35,49,96,8.12,overcast clouds
210,Zyryanka,RU,65.75,150.85,-38.13,99,65,5.82,broken clouds
211,Hurricane,US,37.1753,-113.2899,70.59,20,28,8.93,scattered clouds
212,Ostersund,SE,63.1792,14.6357,25.25,74,100,9.22,overcast clouds
213,Yellowknife,CA,62.456,-114.3525,-5.58,84,100,3.0,overcast clouds
214,Dingle,PH,10.9995,122.6711,74.59,92,100,6.8,overcast clouds
215,Ayan,RU,56.45,138.1667,7.02,83,100,5.73,overcast clouds
216,Eureka,US,40.8021,-124.1637,74.19,57,0,5.01,clear sky
217,Natal,BR,-5.795,-35.2094,84.85,74,40,12.66,scattered clouds
218,Taltal,CL,-25.4,-70.4833,70.99,67,18,6.87,few clouds
219,Tyukhtet,RU,56.5389,89.3011,-12.51,96,5,5.84,clear sky
220,Leningradskiy,RU,69.3833,178.4167,-19.98,97,98,4.7,overcast clouds
221,Dhupgari,IN,26.5858,89.0145,61.86,64,100,1.14,overcast clouds
222,Kiama,AU,-34.6833,150.8667,70.0,93,100,3.0,light rain
223,Komsomolskiy,UZ,40.4272,71.7189,40.42,64,100,2.3,overcast clouds
224,Mamou,GN,10.5,-12.0,73.96,15,2,3.65,clear sky
225,Georgetown,MY,5.4112,100.3354,78.73,85,20,3.44,few clouds
226,Palmas Bellas,PA,9.2319,-80.0867,87.71,66,10,13.29,clear sky
227,Isangel,VU,-19.55,169.2667,84.31,79,75,3.44,broken clouds
228,Tiksi,RU,71.6872,128.8694,-10.57,92,99,16.33,overcast clouds
229,Severo-Kurilsk,RU,50.6789,156.125,24.37,90,100,5.95,light snow
230,Izumrud,RU,57.0788,61.3993,8.6,95,100,7.05,light snow
231,Mezen,RU,65.8522,44.24,17.73,97,99,5.86,overcast clouds
232,Porto Novo,BJ,6.4965,2.6036,79.92,81,7,8.55,clear sky
233,Kahului,US,20.8947,-156.47,78.84,62,40,8.05,scattered clouds
234,Igrim,RU,63.1906,64.4162,3.29,87,100,12.15,overcast clouds
235,Araouane,ML,18.9048,-3.5265,65.77,16,44,10.22,scattered clouds
236,Xichang,CN,27.8964,102.2634,39.22,88,3,1.21,clear sky
237,Ardesen,TR,41.1911,40.9875,40.96,62,0,4.79,clear sky
238,Baijiantan,CN,45.6333,85.1833,5.97,95,87,2.3,overcast clouds
239,Zhoucheng,CN,35.9122,116.3117,36.09,63,21,4.56,few clouds
240,Ati,TD,13.2154,18.3353,71.06,13,1,10.63,clear sky
241,Trincomalee,LK,8.5711,81.2335,78.66,84,100,10.92,overcast clouds
242,Belmonte,BR,-15.8631,-38.8828,81.1,77,11,6.6,few clouds
243,Camacari,BR,-12.6975,-38.3242,82.17,74,10,6.31,moderate rain
244,Simao,CN,22.7886,100.9748,48.38,54,0,1.41,clear sky
245,Faya,SA,18.3851,42.4509,54.12,87,34,3.36,scattered clouds
246,Shihezi,CN,44.3,86.0333,8.37,96,100,3.71,overcast clouds
247,San Policarpo,PH,12.1791,125.5072,76.64,95,100,13.62,moderate rain
248,Provost,CA,52.3501,-110.2683,17.87,73,100,16.06,overcast clouds
249,Wattegama,LK,6.7989,81.4808,72.75,95,100,3.89,overcast clouds
250,Sawakin,SD,19.1059,37.3321,69.89,68,84,13.31,broken clouds
251,Dapaong,TG,10.8639,0.205,82.51,10,3,7.34,clear sky
252,Termoli,IT,41.9888,14.9895,46.58,74,89,7.72,overcast clouds
253,Necochea,AR,-38.5473,-58.7368,62.04,63,100,16.42,light rain
254,Joniskis,LT,56.2403,23.6153,32.92,87,100,10.09,overcast clouds
255,Udachnyy,RU,66.4167,112.4,-11.0,100,98,3.67,overcast clouds
256,Narayanpet,IN,16.7333,77.5,70.14,45,21,6.46,few clouds
257,Batagay-Alyta,RU,67.8006,130.4114,-19.68,88,99,4.36,overcast clouds
258,Provideniya,RU,64.3833,-173.3,-15.11,91,8,9.4,clear sky
259,Husavik,IS,66.0449,-17.3389,12.24,93,92,6.22,overcast clouds
260,Robertsport,LR,6.7533,-11.3686,79.88,86,8,9.4,clear sky
261,Sobolevo,RU,54.4299,31.8996,25.14,97,100,6.35,overcast clouds
262,Ossora,RU,59.2353,163.0719,-9.71,100,66,4.59,broken clouds
263,Qaanaaq,GL,77.484,-69.3632,-23.53,60,0,7.34,clear sky
264,Tabriz,IR,38.08,46.2919,33.26,75,75,4.61,broken clouds
265,Mareeba,AU,-17.0,145.4333,70.45,90,31,2.04,scattered clouds
266,Cap Malheureux,MU,-19.9842,57.6142,75.47,81,78,1.01,broken clouds
267,Sistranda,NO,63.7256,8.834,35.91,57,100,36.42,overcast clouds
268,Lavrentiya,RU,65.5833,-171.0,-25.33,94,25,7.2,scattered clouds
269,Klaksvik,FO,62.2266,-6.589,38.32,97,100,19.04,overcast clouds
270,Gazanjyk,TM,39.2446,55.5154,41.13,57,50,4.12,scattered clouds
271,Vallenar,CL,-28.5708,-70.7581,81.27,32,0,10.09,clear sky
272,Abu Dhabi,AE,24.4667,54.3667,68.02,77,0,3.44,clear sky
273,Big Rapids,US,43.6981,-85.4837,38.84,81,100,12.66,overcast clouds
274,Trat,TH,12.5,102.5,81.99,95,100,0.54,moderate rain
275,Vila Franca Do Campo,PT,37.7167,-25.4333,62.2,70,78,3.42,broken clouds
276,Kamen-Rybolov,RU,44.7481,132.0403,12.85,91,100,4.34,overcast clouds
277,Havoysund,NO,70.9963,24.6622,28.63,56,98,16.84,overcast clouds
278,Bathsheba,BB,13.2167,-59.5167,81.21,61,40,24.16,scattered clouds
279,Garowe,SO,8.4054,48.4845,66.33,73,48,14.76,scattered clouds
280,Arawa,PG,-6.2132,155.5367,77.56,91,100,2.75,light rain
281,Yining,CN,29.0361,114.5636,41.99,95,100,1.9,overcast clouds
282,Lorengau,PG,-2.0226,147.2712,81.99,77,100,9.55,overcast clouds
283,Northam,GB,51.0333,-4.2167,45.01,85,86,10.6,overcast clouds
284,Akyab,MM,20.15,92.9,66.51,70,27,13.0,scattered clouds
285,Touros,BR,-5.1989,-35.4608,85.1,75,49,11.3,scattered clouds
286,Shenjiamen,CN,29.9576,122.298,46.72,91,100,15.41,overcast clouds
287,Eyl,SO,7.9803,49.8164,73.85,67,58,17.43,broken clouds
288,Praia Da Vitoria,PT,38.7333,-27.0667,57.76,90,82,5.19,broken clouds
289,San Nicolas,PH,18.1725,120.5953,73.83,78,97,5.48,overcast clouds
290,Dengzhou,CN,37.8086,120.7508,35.71,79,27,8.68,scattered clouds
291,Manitouwadge,CA,49.1215,-85.8403,-6.29,95,100,17.56,light snow
292,Kedgwick,CA,47.6446,-67.3434,30.63,91,100,7.78,overcast clouds
293,Half Moon Bay,US,37.4636,-122.4286,80.49,43,0,4.61,clear sky
294,Adrar,MR,20.5022,-10.0711,65.12,16,59,10.96,broken clouds
295,Guerrero Negro,MX,27.9769,-114.0611,76.03,22,0,10.6,clear sky
296,Maralal,KE,1.0968,36.698,61.09,64,23,5.21,few clouds
297,Luderitz,NA,-26.6481,15.1594,78.15,61,100,10.38,overcast clouds
298,Road Town,VG,18.4167,-64.6167,80.69,65,20,12.66,few clouds
299,Port Augusta,AU,-32.5,137.7667,63.72,49,0,5.95,clear sky
300,Guymon,US,36.6828,-101.4816,57.2,33,0,21.85,clear sky
301,Zhezkazgan,KZ,47.8043,67.7144,28.85,92,100,18.57,light snow
302,Najran,SA,17.4924,44.1277,65.82,19,0,3.56,clear sky
303,Hamilton,US,39.1834,-84.5333,58.41,48,100,12.66,overcast clouds
304,Kloulklubed,PW,7.0419,134.2556,79.3,73,45,19.66,scattered clouds
305,Phonhong,LA,18.5007,102.4166,69.78,78,99,0.6,overcast clouds
306,Koslan,RU,63.4564,48.8989,17.85,95,100,7.11,overcast clouds
307,Caravelas,BR,-17.7125,-39.2481,78.75,77,29,6.55,scattered clouds
308,Seoul,KR,37.5683,126.9778,31.44,67,100,1.32,overcast clouds
309,Bilibino,RU,68.0546,166.4372,-36.85,97,36,1.83,scattered clouds
310,Mahebourg,MU,-20.4081,57.7,75.25,80,14,2.15,few clouds
311,Xining,CN,36.6167,101.7667,17.42,98,100,2.08,overcast clouds
312,Evanston,US,42.0411,-87.6901,44.06,71,100,16.11,overcast clouds
313,Gunnedah,AU,-30.9833,150.25,64.02,73,5,12.77,clear sky
314,Sinjai,ID,-5.1241,120.253,74.05,91,100,3.91,overcast clouds
315,Vakhtan,RU,57.9659,46.6889,20.3,98,93,4.56,overcast clouds
316,Naryan-Mar,RU,67.6713,53.087,16.83,93,100,17.72,light snow
317,Dumas,US,35.8656,-101.9732,54.1,37,0,19.57,clear sky
318,Pontianak,ID,-0.0333,109.3333,76.98,94,100,3.44,overcast clouds
319,Kurilsk,RU,45.2333,147.8833,25.3,75,82,4.92,broken clouds
320,Fairbanks,US,64.8378,-147.7164,4.24,75,100,6.91,overcast clouds
321,Hami,CN,42.8,93.45,29.66,53,100,0.63,overcast clouds
322,Chardara,KZ,41.2547,67.9692,44.51,76,100,15.35,overcast clouds
323,Wajir,KE,1.7471,40.0573,85.64,28,80,10.69,broken clouds
324,Lata,PT,40.1629,-8.3327,53.08,90,100,1.07,overcast clouds
325,Teknaf,BD,20.8624,92.3058,63.86,77,4,9.93,clear sky
326,Lakatoro,VU,-16.0999,167.4164,81.81,78,96,3.65,overcast clouds
327,Paita,PE,-5.0892,-81.1144,84.76,68,30,15.39,scattered clouds
328,Mookane,BW,-23.688,26.6595,74.07,25,0,8.84,clear sky
329,Ilabaya,PE,-17.4208,-70.5133,73.72,54,13,10.38,few clouds
330,Strelka,RU,58.0728,93.0344,-9.54,96,7,5.44,clear sky
331,Paamiut,GL,61.994,-49.6678,31.14,75,100,20.04,overcast clouds
332,Svecha,RU,58.2785,47.5164,23.54,95,99,6.49,overcast clouds
333,Estacion Coahuila,MX,32.1939,-115.0017,86.97,14,0,14.41,clear sky
334,Ostrovnoy,RU,68.0531,39.5131,20.23,94,100,9.55,overcast clouds
335,Chino Valley,US,34.7575,-112.4538,70.93,16,0,6.91,clear sky
336,Reconquista,AR,-29.15,-59.65,93.45,20,76,20.96,broken clouds
337,Opuwo,NA,-18.0607,13.84,69.66,87,99,4.7,moderate rain
338,Kysyl-Syr,RU,63.8986,122.7617,-28.25,100,92,1.92,overcast clouds
339,Coolum Beach,AU,-26.5333,153.1,74.34,74,32,14.85,scattered clouds
340,Catalina,US,32.5056,-110.9211,75.06,17,0,3.0,clear sky
341,Miri,MY,4.4148,114.0089,75.81,93,100,7.05,overcast clouds
342,Turayf,SA,31.6725,38.6637,43.52,60,6,8.16,clear sky
343,Longyearbyen,SJ,78.2186,15.6401,21.04,86,75,4.61,light snow
344,Tashla,RU,51.7716,52.7427,24.03,97,100,4.79,overcast clouds
345,Beloha,MG,-25.1667,45.05,74.35,90,51,13.06,broken clouds
346,Zhigansk,RU,66.7697,123.3711,-29.83,100,94,5.97,overcast clouds
347,Ormara,PK,25.2088,64.6357,70.29,60,0,9.4,clear sky
348,Kutum,SD,14.2,24.6667,56.19,17,0,7.7,clear sky
349,Coquimbo,CL,-29.9533,-71.3436,73.13,56,0,11.5,clear sky
350,Inhambane,MZ,-23.865,35.3833,75.42,76,22,10.25,few clouds
351,Grindavik,IS,63.8424,-22.4338,30.67,64,0,13.8,clear sky
352,Rawson,AR,-43.3002,-65.1023,64.71,44,1,15.68,clear sky
353,Ust-Koksa,RU,50.2696,85.6108,-14.31,91,19,1.25,few clouds
354,Bereda,ES,43.2686,-7.5406,49.01,100,100,2.39,overcast clouds
355,San Patricio,US,28.017,-97.5169,80.69,45,0,8.41,clear sky
356,Suleja,NG,9.1758,7.1808,81.34,11,25,4.76,scattered clouds
357,Coahuayana,MX,18.7333,-103.6833,85.48,25,0,8.25,clear sky
358,Xiongzhou,CN,25.1167,114.3,48.74,96,100,3.49,overcast clouds
359,Ixtapa,MX,20.7,-105.2,76.23,53,40,13.8,scattered clouds
360,Yeppoon,AU,-23.1333,150.7333,71.38,74,16,10.54,few clouds
361,Sheregesh,RU,52.9209,87.9869,-11.69,100,50,3.53,scattered clouds
362,Svetlyy,RU,54.675,20.1347,34.97,79,94,16.8,light snow
363,Aranos,NA,-24.1333,19.1167,78.51,47,72,7.76,broken clouds
364,Torbat-E Jam,IR,35.244,60.6225,43.14,74,97,6.76,overcast clouds
365,Khash,IR,28.2211,61.2158,49.24,35,0,2.44,clear sky
366,Port Macquarie,AU,-31.4333,152.9167,67.89,80,99,16.98,overcast clouds
367,Puerto Escondido,MX,15.85,-97.0667,86.83,66,40,12.66,scattered clouds
368,Torbay,CA,47.6666,-52.7314,38.39,84,46,8.01,scattered clouds
369,Yiyang,CN,28.5892,112.3283,39.18,94,68,3.74,broken clouds
370,Bergen,NO,60.392,5.328,41.65,90,75,12.66,broken clouds
371,Lancaster,US,40.2504,-76.2499,60.3,40,0,16.11,clear sky
372,Saint-Francois,FR,46.4154,3.9054,33.67,84,0,0.0,clear sky
373,Crotone,IT,39.0851,17.1178,52.43,74,95,4.18,overcast clouds
374,Tortoli,IT,39.9256,9.6572,44.98,70,35,5.17,scattered clouds
375,Alta Floresta,BR,-9.8756,-56.0861,77.32,88,97,1.41,overcast clouds
376,Colac,AU,-38.3333,143.5833,63.01,85,14,7.72,few clouds
377,Sitka,US,57.0531,-135.33,44.49,76,100,10.36,light rain
378,Stromness,GB,58.965,-3.296,43.05,71,100,26.44,light rain
379,Broken Hill,AU,-31.95,141.4333,62.67,44,0,14.32,clear sky
380,Hobyo,SO,5.3505,48.5268,76.6,65,50,17.98,scattered clouds
381,Tabas,IR,33.5959,56.9244,56.35,32,90,3.65,overcast clouds
382,Bud,US,39.447,-86.1758,44.74,91,100,15.57,light rain
383,Gornyye Klyuchi,RU,45.25,133.5,14.7,96,100,5.44,light snow
384,Katsuura,JP,35.1333,140.3,39.31,70,19,12.82,few clouds
385,Nova Vicosa,BR,-17.8919,-39.3719,79.43,76,52,8.72,broken clouds
386,La Macarena,CO,2.1837,-73.7849,86.04,49,100,5.95,overcast clouds
387,Kimparana,ML,12.8347,-4.9244,78.4,10,5,10.22,clear sky
388,Prieska,ZA,-29.6641,22.7474,84.72,20,0,3.4,clear sky
389,Muros,ES,42.7762,-9.0603,55.83,86,100,2.57,overcast clouds
390,Hualmay,PE,-11.0964,-77.6139,74.55,71,28,11.23,scattered clouds
391,Cabedelo,BR,-6.9811,-34.8339,83.07,75,92,14.27,overcast clouds
392,Pervoye Maya,RU,56.164,44.7196,31.71,92,93,5.55,overcast clouds
393,Port Hardy,CA,50.6996,-127.4199,44.76,76,84,2.06,broken clouds
394,Umm Kaddadah,SD,13.6017,26.6876,58.66,18,27,13.65,scattered clouds
395,Iquique,CL,-20.2208,-70.1431,73.44,64,23,8.19,few clouds
396,Bayan,CN,46.0833,127.4,-6.11,100,91,7.0,overcast clouds
397,Tebingtinggi,ID,3.3285,99.1625,75.25,93,100,1.68,overcast clouds
398,Turukhansk,RU,65.8167,87.9833,-20.06,88,11,5.21,few clouds
399,Wajima,JP,37.4,136.9,39.07,65,100,2.37,overcast clouds
400,Sulangan,PH,11.1373,123.7228,79.0,86,95,11.81,overcast clouds
401,Terney,RU,45.0503,136.6092,23.47,95,100,3.83,light snow
402,Banjar,ID,-8.19,114.9675,78.66,94,100,3.11,light rain
403,Wismar,DE,53.9,11.4667,37.09,83,4,5.99,clear sky
404,Drayton Valley,CA,53.2168,-114.9854,24.91,38,87,2.59,overcast clouds
405,Erdenet,MN,49.0333,104.0833,-16.69,100,41,2.44,scattered clouds
406,Boyolangu,ID,-8.1181,111.8935,74.07,96,100,5.99,overcast clouds
407,Manokwari,ID,-0.8667,134.0833,77.94,79,100,4.41,heavy intensity rain
408,Yalta,UA,44.5,34.1667,43.63,79,3,7.94,clear sky
409,Bairiki,KI,1.3292,172.9752,84.2,70,20,14.97,few clouds
410,Washougal,US,45.5826,-122.3534,66.7,41,0,25.01,clear sky
411,Halifax,CA,44.6453,-63.5724,44.1,70,24,8.99,few clouds
412,Ladario,BR,-19.0047,-57.6017,91.69,55,20,9.22,few clouds
413,Campbell River,CA,50.0163,-125.2446,43.59,62,65,2.46,broken clouds
414,Lehigh Acres,US,26.6254,-81.6248,82.44,46,0,9.22,clear sky
415,Labuhan,ID,-6.8844,112.2051,74.77,90,100,2.75,overcast clouds
416,Kununurra,AU,-15.7667,128.7333,78.78,94,100,12.66,thunderstorm
417,Chateaurenard,FR,43.8817,4.8549,46.22,59,0,23.02,clear sky
418,Lang Son,VN,21.8333,106.7333,54.48,96,100,4.76,moderate rain
419,Beyla,GN,8.6833,-8.6333,75.85,15,63,2.24,broken clouds
420,Rocha,UY,-34.4833,-54.3333,75.43,77,98,11.39,overcast clouds
421,Handan,CN,36.6006,114.4678,38.28,59,87,1.21,overcast clouds
422,Naze,JP,28.3667,129.4833,57.49,66,100,7.76,overcast clouds
423,Yershichi,RU,53.6725,32.7542,21.61,96,100,4.83,overcast clouds
424,Bani Walid,LY,31.7566,13.9942,53.19,57,100,9.01,overcast clouds
425,Basco,PH,20.4487,121.9702,76.14,76,100,19.06,overcast clouds
426,Valley City,US,46.9233,-98.0032,4.19,66,40,20.71,scattered clouds
427,Mairang,IN,25.5667,91.6333,38.32,86,5,1.03,clear sky
428,Comodoro Rivadavia,AR,-45.8667,-67.5,75.06,15,0,8.05,clear sky
429,Shakhtinsk,KZ,49.71,72.5872,9.16,85,100,12.15,overcast clouds
430,Prince Rupert,CA,54.3161,-130.3201,37.09,87,99,1.14,overcast clouds
431,Ahipara,NZ,-35.1667,173.1667,75.88,91,96,15.95,overcast clouds
432,Hasaki,JP,35.7333,140.8333,28.8,58,19,13.47,few clouds
433,Talaya,RU,61.3833,152.75,-41.19,96,90,1.14,overcast clouds
434,Churapcha,RU,62.0025,132.4325,-39.44,100,78,3.15,broken clouds
435,Harrisburg,US,40.2737,-76.8844,61.07,30,75,10.36,broken clouds
436,Ust-Tsilma,RU,65.441,52.1498,17.11,92,100,10.27,overcast clouds
437,Petropavlovsk-Kamchatskiy,RU,53.0452,158.6483,-0.22,78,0,11.18,clear sky
438,Buseresere,TZ,-3.0236,31.8747,64.65,88,92,4.29,overcast clouds
439,Dzaoudzi,YT,-12.7887,45.2699,80.49,78,0,9.22,clear sky
440,Ojinaga,MX,29.5667,-104.4167,74.57,17,0,5.75,clear sky
441,Karratha,AU,-20.7377,116.8463,84.69,71,12,4.65,few clouds
442,Mosquera,CO,4.7059,-74.2302,62.69,67,40,12.66,light rain
443,Moron,AR,-34.6534,-58.6198,67.96,81,100,16.31,light rain
444,Sandy Bay,AU,-42.913,147.3532,56.3,74,75,11.5,broken clouds
445,Ballina,AU,-28.8667,153.5667,68.77,93,92,13.73,light rain
446,Afonso Claudio,BR,-20.0742,-41.1239,72.09,93,98,3.78,overcast clouds
447,Lazaro Cardenas,MX,17.9583,-102.2,83.82,36,6,11.27,clear sky
448,Khandela,IN,27.6,75.5,50.95,39,0,2.55,clear sky
449,Abu Zabad,SD,12.35,29.25,66.25,15,0,14.12,clear sky
450,Saldanha,ZA,-33.0117,17.9442,65.12,90,0,18.41,clear sky
451,Bograd,RU,54.2344,90.8328,-29.09,97,9,3.38,clear sky
452,Yamada,JP,39.4667,141.95,29.28,83,51,3.53,broken clouds
453,Ugoofaaru,MV,5.6667,73.0,81.25,73,96,3.67,overcast clouds
454,Ormond Beach,US,29.2858,-81.0559,75.13,64,40,9.22,scattered clouds
455,Thiadiaye,SN,14.4205,-16.7056,85.01,11,5,11.72,clear sky
456,Tura,IN,25.5198,90.2201,53.83,68,0,2.24,clear sky
457,Sikeston,US,36.8767,-89.5879,58.89,49,100,10.63,overcast clouds
458,Bintulu,MY,3.1667,113.0333,73.81,96,100,3.2,overcast clouds
459,Kaa-Khem,RU,51.6833,94.7333,-26.03,95,31,2.98,scattered clouds
460,Padang,ID,-0.9492,100.3543,77.5,79,100,4.34,heavy intensity rain
461,Kamaishi,JP,39.2667,141.8833,30.88,82,58,3.44,broken clouds
462,Nantucket,US,41.2835,-70.0995,49.96,71,0,11.5,clear sky
463,Marrakesh,MA,31.6315,-8.0083,57.27,58,82,3.44,broken clouds
464,Turkan,AZ,40.3639,50.215,39.38,87,0,9.22,clear sky
465,Varkaus,FI,62.3153,27.873,21.31,91,10,8.32,clear sky
466,Darlowo,PL,54.421,16.4107,38.95,61,3,16.13,clear sky
467,Boueni,YT,-12.9025,45.0761,80.58,78,100,11.18,overcast clouds
468,Poyarkovo,RU,49.6,128.6833,3.85,96,100,8.61,overcast clouds
469,Saint-Pierre,RE,-21.3393,55.4781,74.88,73,0,3.44,clear sky
470,Olinda,BR,-8.0089,-34.8553,83.93,74,40,5.75,scattered clouds
471,Llanes,ES,43.4198,-4.7549,53.89,85,100,11.45,overcast clouds
472,Berdigestyakh,RU,62.0989,126.6992,-34.31,100,72,2.53,broken clouds
473,Tecoanapa,MX,16.5167,-98.75,83.34,48,26,9.64,scattered clouds
474,Shache,CN,38.4167,77.2406,31.62,49,51,3.87,broken clouds
475,Amazar,RU,53.858,120.875,-16.33,96,94,3.71,overcast clouds
476,Honiara,SB,-9.4333,159.95,76.03,97,100,3.09,light rain
477,Alyangula,AU,-13.8483,136.4192,82.09,76,20,8.5,few clouds
478,Altar,MX,30.7,-111.8167,78.89,10,0,8.63,clear sky
479,Saint Anthony,US,45.0205,-93.218,18.66,63,100,23.02,overcast clouds
480,Porkhov,RU,57.765,29.5561,31.89,97,65,6.82,broken clouds
481,Cururupu,BR,-1.8283,-44.8683,78.84,81,98,4.38,overcast clouds
482,Beringovskiy,RU,63.05,179.3167,-28.1,96,38,9.04,scattered clouds
483,Portland,US,45.5234,-122.6762,67.53,50,20,10.0,few clouds
484,Anloga,GH,5.7947,0.8973,80.94,84,45,10.56,scattered clouds
485,Axim,GH,4.8699,-2.2405,79.74,84,7,8.57,clear sky
486,San Carlos,VE,9.6612,-68.5827,88.45,40,98,6.04,overcast clouds
487,Pontes E Lacerda,BR,-15.2261,-59.3353,82.09,87,82,2.57,broken clouds
488,San Jose,US,37.3394,-121.895,80.85,40,20,5.99,few clouds
489,Petrolina,BR,-9.3986,-40.5008,80.65,74,75,3.44,broken clouds
490,Nome,US,64.5011,-165.4064,-2.13,55,0,14.97,clear sky
491,Usinsk,RU,65.9939,57.5281,10.54,88,100,14.92,overcast clouds
492,Nichinan,JP,31.6,131.3667,46.76,76,100,8.72,overcast clouds
493,Iranduba,BR,-3.2847,-60.1861,80.92,78,76,4.32,light rain
494,Bijie,CN,27.3125,105.2942,34.39,95,100,3.6,overcast clouds
495,Richards Bay,ZA,-28.783,32.0377,73.35,88,5,4.99,clear sky
496,Katherine,AU,-14.4667,132.2667,79.12,89,100,9.22,overcast clouds
497,Basoda,IN,23.85,77.9333,53.47,44,5,3.04,clear sky
498,Jalu,LY,29.0331,21.5482,54.23,51,0,6.87,clear sky
499,Shingu,JP,33.7333,135.9833,37.6,57,37,5.59,scattered clouds
500,Bayshore Gardens,US,27.4253,-82.5904,80.62,61,0,8.05,clear sky
501,Ginda,IN,30.6945,78.4932,37.72,28,0,7.87,clear sky
502,Maloy,NO,61.9353,5.1136,38.07,94,100,5.99,overcast clouds
503,Rosario Oeste,BR,-14.8361,-56.4275,80.47,88,86,3.09,moderate rain
504,Rantauprapat,ID,2.1,99.8333,72.66,97,100,1.81,overcast clouds
505,Coihaique,CL,-45.5752,-72.0662,67.95,40,0,8.05,clear sky
506,Haines Junction,CA,60.7522,-137.5108,26.55,68,100,4.61,overcast clouds
507,Xilagani,GR,40.9833,25.4167,40.39,81,0,3.49,clear sky
508,Grand Gaube,MU,-20.0064,57.6608,75.38,81,81,1.01,broken clouds
509,Baoying,CN,33.2292,119.3092,37.31,90,68,4.52,broken clouds
510,Sabha,LY,27.0377,14.4283,51.89,30,0,6.35,clear sky
511,Jabinyanah,TN,35.035,10.9081,51.6,66,100,8.5,overcast clouds
512,Auki,SB,-8.7676,160.7034,75.4,95,100,4.14,moderate rain
513,Salina Cruz,MX,16.1667,-95.2,87.8,45,1,9.08,clear sky
514,Kakegawa,JP,34.7667,138.0167,35.71,84,87,4.25,overcast clouds
515,Aguie,NE,13.506,7.7786,66.34,12,4,10.4,clear sky
516,Saint-Joseph,RE,-21.3667,55.6167,73.78,72,23,5.66,few clouds
517,Tabat,ID,-2.635,115.2274,72.55,99,100,1.03,overcast clouds
518,Gamba,GA,-2.65,10.0,77.38,90,18,5.23,few clouds
519,Bama,NG,11.5221,13.6856,68.7,23,3,7.9,clear sky
520,Novyy Yarychiv,UA,49.9044,24.3052,36.73,88,100,21.88,overcast clouds
521,Hoquiam,US,46.9809,-123.8893,55.92,68,0,12.66,clear sky
522,El Alto,PE,-4.2714,-81.2147,82.06,65,15,16.51,few clouds
523,Raalte,NL,52.3858,6.275,36.14,91,0,3.76,clear sky
524,Nioro,GM,13.35,-15.75,83.95,8,0,8.79,clear sky
525,Dongning,CN,44.0622,131.1207,7.36,84,5,8.9,clear sky
526,Ambilobe,MG,-13.2,49.05,73.47,96,100,2.89,light rain
527,Zabaykalsk,RU,49.6333,117.3167,-15.59,100,90,5.37,overcast clouds
528,Turkistan,KZ,43.0,68.0,35.55,98,100,12.28,overcast clouds
529,Bima,ID,-8.4667,118.7167,75.79,92,99,2.42,overcast clouds
530,Bay City,US,43.5945,-83.8889,39.76,87,100,14.97,overcast clouds
531,Avera,US,33.194,-82.5271,69.67,38,53,11.21,broken clouds
532,Sioux Lookout,CA,50.1001,-91.917,-3.62,54,20,14.97,few clouds
533,Ust-Omchug,RU,61.15,149.6333,-32.93,97,88,1.7,overcast clouds
534,Merauke,ID,-8.4667,140.3333,75.43,88,36,4.09,scattered clouds
535,Bagdarin,RU,54.4333,113.6,-23.58,97,16,3.91,few clouds
536,Asau,RO,46.4333,26.4,40.95,64,23,6.13,few clouds
537,Manturovo,RU,58.3353,44.7619,23.18,97,95,5.79,overcast clouds
538,Sucua,EC,-2.4667,-78.1667,77.74,69,75,4.61,moderate rain
539,Longyan,CN,25.1072,117.0225,59.02,98,90,2.57,overcast clouds
540,Pishin,PK,30.5803,66.9961,44.6,32,0,0.92,clear sky
541,Savinka,RU,50.0785,47.0994,32.99,98,100,18.3,light snow
542,Lodja,CD,-3.4833,23.4333,70.72,91,87,2.37,overcast clouds
543,General Roca,AR,-39.0333,-67.5833,77.67,13,0,6.64,clear sky
544,Samarai,PG,-10.6167,150.6667,80.56,63,39,12.59,scattered clouds
545,Florence,IT,43.7667,11.25,51.3,83,75,2.3,broken clouds
546,Manyana,BW,-23.4,21.7167,73.9,54,62,6.44,broken clouds
547,Gedo,ET,9.0167,37.45,55.62,51,22,4.18,few clouds
548,Lakes Entrance,AU,-37.8811,147.981,61.16,86,96,4.92,overcast clouds
549,San Ramon,US,37.7799,-121.978,78.1,42,0,5.75,clear sky
550,Kilindoni,TZ,-7.9139,39.6668,81.3,76,100,11.9,overcast clouds
551,Havre-Saint-Pierre,CA,50.2334,-63.5986,23.0,73,0,18.41,clear sky
552,Shushenskoye,RU,53.325,91.9356,-27.36,100,97,0.92,overcast clouds
553,Badou,TG,7.5833,0.6,80.01,30,79,3.36,broken clouds
554,Vardo,NO,70.3705,31.1107,28.15,89,97,36.73,light snow
555,Molokovo,RU,58.1661,36.7628,27.82,93,100,8.21,overcast clouds
556,Khorixas,NA,-20.3667,14.9667,73.6,75,96,4.88,overcast clouds
557,Andapa,MG,-14.65,49.65,69.21,99,66,2.33,broken clouds
558,Kaeo,NZ,-35.1,173.7833,76.32,98,100,13.18,overcast clouds
559,Fort Smith,US,35.3859,-94.3986,71.64,24,0,19.57,clear sky
560,West Bay,KY,19.3667,-81.4167,85.06,70,20,11.5,few clouds
561,Zhangye,CN,38.9342,100.4517,23.05,57,48,6.89,scattered clouds
562,Kuchinarai,TH,16.541,104.05,72.57,67,96,4.99,overcast clouds
563,Monte Carmelo,BR,-18.7247,-47.4986,70.48,91,72,3.6,broken clouds
564,Siraha,NP,26.6541,86.2087,54.0,68,0,4.76,clear sky
565,Monrovia,LR,6.3005,-10.7969,80.37,85,45,8.97,scattered clouds
566,Methoni,GR,36.8197,21.7049,51.22,68,63,2.73,broken clouds
567,Batagay,RU,67.6333,134.6333,-20.76,94,100,1.97,overcast clouds
568,Jinchang,CN,38.4953,102.1739,22.98,80,100,6.98,overcast clouds
569,New Plymouth,NZ,-39.0667,174.0833,72.55,95,100,12.08,overcast clouds
570,Derzhavinsk,KZ,51.1,66.3167,24.26,96,100,16.2,snow
571,Porosozero,RU,62.7191,32.727,21.79,90,100,9.98,overcast clouds
572,Sorland,NO,67.667,12.6934,30.06,52,100,12.17,snow
573,Greencastle,US,39.6445,-86.8647,41.72,91,100,10.36,overcast clouds
574,Saint-Georges,GD,12.0564,-61.7485,80.28,74,75,20.71,broken clouds
575,San Lawrenz,MT,36.0553,14.204,50.86,80,100,5.41,overcast clouds
576,Totness,SR,5.8833,-56.3167,79.0,78,66,13.0,broken clouds
577,Mumford,GH,5.2618,-0.759,80.1,86,46,9.24,scattered clouds
578,Emporia,US,38.4039,-96.1817,56.52,33,75,18.41,broken clouds
579,Chegdomyn,RU,51.1167,133.0167,-3.78,99,100,1.43,overcast clouds
580,Takoradi,GH,4.8845,-1.7554,80.13,83,15,7.9,few clouds
581,Kavaratti,IN,10.5669,72.642,80.19,76,33,8.95,scattered clouds
582,Horqueta,PY,-23.3428,-57.0597,95.81,29,86,6.69,overcast clouds
583,Aykhal,RU,66.0,111.5,-8.21,100,100,5.37,overcast clouds
584,Namibe,AO,-15.1961,12.1522,75.94,83,86,1.83,overcast clouds
585,Wagar,SD,16.1525,36.2032,71.4,62,0,14.94,clear sky
586,Mitu,CO,1.1983,-70.1733,79.12,81,97,2.75,heavy intensity rain
587,Esna,EG,25.2934,32.554,55.58,39,0,6.17,clear sky
588,Stykkisholmur,IS,65.0757,-22.7297,23.04,80,100,10.76,overcast clouds
589,Volokolamsk,RU,56.0336,35.9694,20.82,96,28,7.96,scattered clouds
590,Tilichiki,RU,60.4667,166.1,-18.62,87,5,9.08,clear sky
591,Cayenne,GF,4.9333,-52.3333,79.09,88,75,3.0,broken clouds
592,Acapulco,MX,16.8634,-99.8901,84.02,65,40,6.91,scattered clouds
593,Christchurch,NZ,-43.5333,172.6333,66.02,92,75,4.61,broken clouds
594,Horta,PT,38.5333,-28.6333,58.64,77,20,5.75,few clouds
595,Seymchan,RU,62.8833,152.4333,-43.74,100,96,0.45,overcast clouds
596,Anito,PH,12.4497,125.2886,76.96,94,100,13.35,light rain
597,Boda,CF,4.3189,17.4695,75.83,19,21,1.57,few clouds
598,Camana,PE,-16.6228,-72.7111,73.81,69,35,8.46,scattered clouds
599,Sechura,PE,-5.5569,-80.8222,79.79,59,55,16.4,broken clouds
600,Druzhba,UA,52.0428,33.9453,30.58,87,100,4.07,overcast clouds
601,Port Blair,IN,11.6667,92.75,75.24,88,40,2.3,mist
602,Asfi,MA,32.2994,-9.2372,58.5,82,0,14.43,clear sky
603,Islamkot,PK,24.6997,70.177,64.02,26,0,1.86,clear sky
604,Mozarlandia,BR,-14.7447,-50.5706,74.64,88,91,2.84,overcast clouds
605,San Juan Bautista,PE,-14.0108,-75.7358,75.83,40,20,16.53,few clouds
606,Poronaysk,RU,49.2167,143.1167,17.29,97,100,3.6,overcast clouds
607,Kijabe,KE,-0.933,36.5758,61.41,82,81,11.99,broken clouds
608,Olafsvik,IS,64.8945,-23.7142,29.88,72,100,18.95,overcast clouds
609,Muli,MV,2.9167,73.5667,81.37,68,53,4.36,broken clouds
610,Bambanglipuro,ID,-7.95,110.2833,75.9,89,99,6.4,moderate rain
611,Kalevala,RU,65.2,31.1667,13.42,95,91,8.03,overcast clouds
612,Oksfjord,NO,70.2396,22.3479,28.58,78,100,6.49,light snow
613,Lubao,PH,14.9167,120.55,77.02,87,87,5.95,overcast clouds
614,Mehamn,NO,71.0357,27.8492,33.71,80,75,11.5,broken clouds
615,Mitsamiouli,KM,-11.3847,43.2844,79.54,76,100,9.33,overcast clouds
616,Lincoln,US,40.8,-96.667,41.16,48,0,26.46,clear sky
617,Asifabad,IN,19.3667,79.2833,62.89,34,77,3.38,broken clouds
618,Yendi,GH,9.4427,-0.0099,86.83,10,34,3.91,scattered clouds
619,Dwarka,IN,22.2394,68.9678,70.07,52,2,9.19,clear sky
620,Stara Synyava,UA,49.6032,27.6191,35.53,96,100,10.02,overcast clouds
621,Susanville,US,40.4163,-120.653,58.91,46,0,5.75,clear sky
622,Paciran,ID,-6.8767,112.3761,74.68,90,100,2.53,overcast clouds
623,Dombarovskiy,RU,50.7587,59.5386,14.32,96,87,11.23,overcast clouds
624,Lishu,CN,43.3047,124.3278,12.13,79,38,4.54,scattered clouds
625,Kemi,FI,65.8596,24.8228,6.57,92,62,6.91,broken clouds
626,Bodden Town,KY,19.2833,-81.25,84.99,68,20,11.5,few clouds
627,Galitsy,RU,56.1776,42.8459,31.96,98,88,5.32,overcast clouds
628,Hammerfest,NO,70.6634,23.6821,28.13,86,75,6.91,snow
629,Antalaha,MG,-14.9003,50.2788,74.55,89,12,6.58,few clouds
630,Traverse City,US,44.7631,-85.6206,36.37,89,100,13.8,mist
631,Kharitonovo,RU,61.4009,47.4978,20.55,97,100,4.47,light snow
632,Morant Bay,JM,17.8815,-76.4093,82.02,76,30,12.06,scattered clouds
633,Kautokeino,NO,69.0125,23.0412,-5.98,100,70,3.76,broken clouds
634,Launceston,AU,-41.45,147.1667,57.61,68,32,10.36,scattered clouds
635,Srednekolymsk,RU,67.45,153.6833,-38.22,100,31,6.17,scattered clouds
636,Bandarbeyla,SO,9.4942,50.8122,74.86,62,78,18.75,broken clouds
637,Los Llanos De Aridane,ES,28.6585,-17.9182,65.12,35,0,8.01,clear sky
638,Kabo,CF,7.6994,18.629,75.88,16,1,5.55,clear sky
639,Nuuk,GL,64.1835,-51.7216,34.41,69,100,26.46,light snow
640,Berlevag,NO,70.8578,29.0864,33.75,69,75,25.32,broken clouds
641,Filadelfia,US,39.9523,-75.1638,62.49,33,20,16.11,few clouds
642,Pascagoula,US,30.3658,-88.5561,67.71,67,75,10.36,broken clouds
643,Roura,GF,4.7263,-52.3274,78.96,89,75,2.3,broken clouds
644,Port Moresby,PG,-9.4431,147.1797,71.02,94,20,8.05,few clouds
645,College,US,64.8569,-147.8028,4.23,75,75,6.91,broken clouds
646,Mollendo,PE,-17.0231,-72.0147,72.63,72,24,9.04,few clouds
647,Henties Bay,NA,-22.116,14.2845,70.86,85,42,5.5,scattered clouds
648,Pangnirtung,CA,66.1451,-65.7125,3.2,51,100,6.91,overcast clouds
649,Krasnoselkup,RU,65.7,82.4667,-16.38,93,11,7.09,few clouds
650,Beirut,LB,33.8889,35.4944,52.54,66,0,4.61,clear sky
651,Mubi,NG,10.2676,13.2644,72.27,12,3,2.98,clear sky
652,San Carlos De Bariloche,AR,-41.1456,-71.3082,73.15,10,0,5.75,clear sky
653,Goundam,ML,16.4145,-3.6708,69.12,15,8,11.01,clear sky
654,Arboledas,CO,7.6423,-72.7994,71.76,80,80,4.29,broken clouds
655,Ismailia,EG,30.6043,32.2723,54.3,65,0,7.29,clear sky
656,Balkhash,KZ,46.844,74.9804,10.74,91,100,13.82,light snow
657,Felipe Carrillo Puerto,MX,19.5833,-88.05,76.03,89,59,4.83,broken clouds
658,Shetpe,KZ,44.1667,52.1167,35.13,69,100,10.22,overcast clouds
659,Barrancas,CO,10.9576,-72.7877,90.93,34,55,11.12,broken clouds
660,Sao Joaquim,BR,-28.2939,-49.9317,62.69,81,62,4.5,broken clouds
661,Dukat,RU,62.55,155.55,-27.33,78,72,3.83,broken clouds
662,Vila Velha,BR,-20.3297,-40.2925,75.15,90,75,10.0,light rain
663,Asyut,EG,27.181,31.1837,53.71,46,0,7.31,clear sky
664,Guangyuan,CN,32.442,105.823,41.09,87,99,2.26,overcast clouds
665,Mairena Del Alcor,ES,37.373,-5.7495,57.72,80,0,6.91,clear sky
666,Benguela,AO,-12.5763,13.4055,76.5,76,86,5.64,overcast clouds
667,Portobelo,PA,9.55,-79.65,90.07,71,28,12.91,scattered clouds
668,Douglas,US,41.3,-96.167,33.75,52,40,27.63,scattered clouds
669,Sawtell,AU,-30.3833,153.1,68.02,88,75,14.97,light intensity shower rain
670,Havelock,US,34.8791,-76.9013,66.43,67,100,7.0,overcast clouds
671,Imeni Poliny Osipenko,RU,52.4201,136.4853,6.8,94,100,6.82,overcast clouds
672,Moanda,GA,-1.5575,13.2178,76.46,74,93,3.24,overcast clouds
673,Tacoronte,ES,28.4769,-16.4102,65.44,34,20,10.0,few clouds
674,Senanga,ZM,-16.1167,23.2667,66.04,94,100,5.95,light rain
675,Tucuman,AR,-26.8241,-65.2226,68.0,94,100,10.36,light rain
676,Celestun,MX,20.8667,-90.4,75.02,75,47,11.59,scattered clouds
677,Nurota,UZ,40.5614,65.6886,35.69,89,100,7.9,overcast clouds
678,Santa Cruz De La Palma,ES,28.6835,-17.7642,69.13,42,0,3.44,clear sky
679,Finschhafen,PG,-6.6024,147.8681,78.75,83,100,4.52,moderate rain
680,Parana,AR,-31.732,-60.5238,82.2,41,100,26.37,overcast clouds
681,Xiaoyi,CN,34.6178,109.703,39.13,66,100,3.33,overcast clouds
682,Laguna,US,38.421,-121.4238,77.25,50,0,3.44,clear sky
683,Kieta,PG,-6.2167,155.6333,78.67,85,100,0.6,light rain
684,Ishigaki,JP,24.3448,124.1572,68.13,94,75,9.22,broken clouds
685,Guiratinga,BR,-16.3494,-53.7583,75.67,83,66,5.75,broken clouds
686,Tazmalt,DZ,36.3868,4.3989,48.15,92,44,3.56,scattered clouds
687,Santiago De Cao,PE,-7.9589,-79.2392,71.73,83,62,10.36,broken clouds
688,Demyansk,RU,57.643,32.466,29.35,94,98,7.94,overcast clouds
689,Buraydah,SA,26.326,43.975,55.85,34,0,11.83,clear sky
690,Rongcheng,CN,30.634,117.8517,40.77,98,100,4.0,overcast clouds
691,Evensk,RU,61.95,159.2333,-13.25,74,37,6.26,scattered clouds
692,Qaqortoq,GL,60.7167,-46.0333,21.7,82,100,6.87,overcast clouds
693,Okha,RU,53.5739,142.9478,18.55,94,100,6.06,overcast clouds
694,Tynda,RU,55.1667,124.7167,-18.49,98,98,2.68,overcast clouds
695,Lithgow,AU,-33.4833,150.15,58.08,96,100,6.64,overcast clouds
696,Jambi,ID,-1.6,103.6167,73.15,97,100,3.33,overcast clouds
697,Andreapol,RU,56.6513,32.2664,27.3,94,96,9.24,snow
698,Batouri,CM,4.4333,14.3667,75.65,20,19,3.13,few clouds
699,Gat,IL,31.61,34.7642,51.4,100,8,5.3,clear sky
700,Lieksa,FI,63.3167,30.0167,17.19,92,89,9.4,overcast clouds
701,Toropets,RU,56.4978,31.6353,29.14,91,91,9.01,overcast clouds
702,Itupiranga,BR,-5.1347,-49.3267,77.32,92,96,2.08,light rain
703,Labuan,MY,5.2767,115.2417,77.36,94,20,2.3,few clouds
704,Cervo,ES,43.6702,-7.4101,52.97,88,100,14.65,overcast clouds
705,Mwense,ZM,-10.3845,28.698,65.62,93,100,1.25,overcast clouds
